[
    {
        "name": "pubnub/pubnub",
        "version": "3.8.3",
        "version_normalized": "3.8.3.0",
        "source": {
            "type": "git",
            "url": "https://github.com/pubnub/php.git",
            "reference": "42abab2557e1fe7cd39edc5d38af7fab817a2ff4"
        },
        "dist": {
            "type": "zip",
            "url": "https://api.github.com/repos/pubnub/php/zipball/42abab2557e1fe7cd39edc5d38af7fab817a2ff4",
            "reference": "42abab2557e1fe7cd39edc5d38af7fab817a2ff4",
            "shasum": ""
        },
        "require": {
            "php": ">=5.3.0"
        },
        "require-dev": {
            "phpunit/phpunit": "3.7.*"
        },
        "time": "2016-10-07T22:34:50+00:00",
        "type": "library",
        "installation-source": "dist",
        "autoload": {
            "psr-0": {
                "Pubnub\\": "composer/lib/"
            }
        },
        "notification-url": "https://packagist.org/downloads/",
        "license": [
            "MIT"
        ],
        "authors": [
            {
                "name": "PubNub",
                "email": "support@pubnub.com"
            }
        ],
        "description": "The Only Global Network For Real-Time Data -- PubNub!",
        "homepage": "http://www.pubnub.com/",
        "keywords": [
            "ajax",
            "api",
            "push",
            "real time",
            "real-time",
            "realtime"
        ]
    }
]
